{"files":{"index.html":{"frameworks":["dattagurutechnopack","pg.insight.events","pg.css.grid","pg.image.overlay","pg.code-validator","pg.project.items","pg.asset.manager","bs3.4.1","pg.html","pg.components"],"last_page_width":1024}},"breakpoints":["320px","480px","499px","599px","640px","768px","979px","992px","1023px","1025px","1140px","1200px"],"frameworks":["dattagurutechnopack","pg.insight.events","pg.css.grid","pg.image.overlay","pg.code-validator","pg.project.items","pg.asset.manager","bs3.4.1","pg.html","pg.components"]}